message_id,topic,device_dt,temp_device,temp_hive,temp,humidity_hive,humidity,pressure,co2,light_intensity,version,ab_bin1,ab_bin2,ab_bin3,ab_bin4,ab_bin5,ab_bin6,ab_bin7,ab_bin8,ab_bin9,ab_bin10,gb_bin1,gb_bin2,gb_bin3,gb_bin4,gb_bin5
000636DA813096030A0C8D1B1AC00002,v001/c00002/d001,2025-06-06T08:17:24+0000,53.3,35.0,14.8,50.6,89.0,1003.4,7008,0,0004,24,13,50,49,266,17,17,56,63,31,242214,50742,19847,11260,8722
000636DA8C7653690A0C871B404B0002,v001/c00003/d001,2025-06-05T20:00:07+0000,53.3,32.4,17.6,53.6,65.1,1006.2,5350,938.3,0004,548,72,96,67,74,84,78,69,51,35,379224,79212,27113,13967,10351
000636DA8C76C1780A0C871B404B0004,v001/c00003/d001,2025-06-05T20:10:07+0000,53.3,32.4,17.6,53.2,64.0,1006.2,5537,605,0004,660,104,199,91,104,80,75,60,75,59,365289,76956,26313,13622,10140
000636DA8C78D0990A0C871B404B0006,v001/c00003/d001,2025-06-05T20:20:07+0000,53.3,32.3,17.4,51.5,65.6,1006.2,4067,269.2,0004,309,116,134,66,80,45,61,63,45,50,375278,78765,26887,13783,10169
000636DA8C7A5EDE0A0C871B404B0008,v001/c00003/d001,2025-06-05T20:30:07+0000,53.3,32.3,17.3,52.3,65.7,1006.1,4748,395,0004,438,111,133,87,89,82,76,67,55,44,364884,76534,26346,13481,9985
000636DA8C7BED810A0C871B404B000A,v001/c00003/d001,2025-06-05T20:40:07+0000,53.3,32.4,17.4,51.6,63.6,1006,4621,815,0004,378,103,94,47,71,43,51,26,33,40,359703,75978,26083,13438,9937
000636DA8C7D7BE30A0C871B404B000C,v001/c00003/d001,2025-06-05T20:50:07+0000,53.3,32.2,17.5,52.2,70.2,1006,4595,502.5,0004,436,86,92,95,75,74,50,64,83,65,361281,76325,26280,13499,9900
000636DA8C7F0A490A0C871B404B000E,v001/c00003/d001,2025-06-05T21:00:07+0000,53.3,32.2,17.5,51.3,66.9,1006,4210,509.2,0004,583,143,236,127,122,174,124,93,96,63,368559,77526,26529,13560,9956
000636DA8C8098C50A0C871B404B0010,v001/c00003/d001,2025-06-05T21:10:07+0000,53.3,32.3,17.4,50.8,66.0,1006,4822,272.5,0004,630,135,177,140,145,94,65,69,61,65,378794,78914,26956,13801,10120
000636DA8C82270F0A0C871B404B0012,v001/c00003/d001,2025-06-05T21:20:07+0000,53.3,32.3,17.2,48.9,62.7,1006,3908,309.2,0004,415,85,130,64,36,63,54,54,39,43,407383,83978,28169,14185,10341
000636DA8C83B5A30A0C871B404B0014,v001/c00003/d001,2025-06-05T21:30:07+0000,53.3,32.4,16.7,46.8,65.6,1005.9,3369,305.8,0004,506,110,150,60,70,68,64,69,68,88,440059,89449,29456,14662,10560
000636DA8C8543F50A0C871B404B0016,v001/c00003/d001,2025-06-05T21:40:07+0000,53.3,32.4,16.5,47.6,65.3,1005.9,3569,345.8,0004,347,80,193,54,82,116,84,39,55,56,446220,90807,29834,14891,10712
000636DA8C86D28F0A0C871B404B0018,v001/c00003/d001,2025-06-05T21:50:07+0000,53.3,32.3,16.1,47.7,68.4,1005.7,3669,314.2,0004,629,137,117,132,105,82,83,52,57,55,456881,92004,30047,15062,10823
000636DA8C8860D00A0C871B404B001A,v001/c00003/d001,2025-06-05T22:00:07+0000,53.3,32.4,15.8,48.1,72.7,1005.6,3982,176.7,0004,294,44,41,23,27,25,16,13,8,13,450121,91103,29812,14987,10756
000636DA8C89EF6E0A0C871B404B001C,v001/c00003/d001,2025-06-05T22:10:07+0000,53.3,32.3,15.6,48.7,73.5,1005.5,4801,80,0004,438,94,150,59,73,93,52,49,67,56,442386,90026,29560,14870,10778
000636DA8C8B7DDC0A0C871B404B001E,v001/c00003/d001,2025-06-05T22:20:07+0000,53.3,32.2,15.5,47.4,76.2,1005.4,3744,91.7,0004,581,213,151,160,147,108,80,54,53,57,456569,92308,30243,15117,10879
000636DA8C8D0C470A0C871B404B0020,v001/c00003/d001,2025-06-05T22:30:07+0000,53.3,32.0,15.5,49.0,78.9,1005.3,4095,70,0004,727,111,127,111,86,80,79,51,66,53,457193,92308,30396,15271,10970
000636DA8C8E9A860A0C871B404B0022,v001/c00003/d001,2025-06-05T22:40:07+0000,53.3,32.3,15.5,49.4,77.8,1005.2,5278,50,0004,579,220,281,114,98,72,82,63,65,47,433785,88785,29333,14744,10800
000636DA8C9029220A0C871B404B0024,v001/c00003/d001,2025-06-05T22:50:07+0000,53.3,32.2,15.3,51.3,82.2,1005.1,4986,75,0004,259,256,168,176,143,101,121,84,124,88,403697,83476,28132,14360,10486
000636DA8C91B7980A0C871B404B0026,v001/c00003/d001,2025-06-05T23:00:07+0000,53.3,32.0,14.7,50.6,87.1,1005,5747,44.2,0004,301,100,123,96,112,72,67,41,31,23,406887,84401,28264,14380,10475
000636DA8C9345E50A0C871B404B0028,v001/c00003/d001,2025-06-05T23:10:07+0000,53.3,32.1,14.6,51.0,89.2,1004.9,5701,16.7,0004,170,38,36,30,61,58,50,63,84,89,403211,83642,28207,14291,10475
000636DA8C94D4750A0C871B404B002A,v001/c00003/d001,2025-06-05T23:20:07+0000,53.3,32.2,14.5,50.8,89.6,1004.8,5391,6.7,0004,506,182,147,123,130,135,74,90,99,82,401518,82897,28075,14194,10413
000636DA8C9662DE0A0C871B404B002C,v001/c00003/d001,2025-06-05T23:30:07+0000,53.3,32.3,14.6,50.3,89.6,1004.6,6085,3.3,0004,693,158,127,71,114,67,85,54,67,63,398885,82734,27925,14330,10330
000636DA8C97F1340A0C871B404B002E,v001/c00003/d001,2025-06-05T23:40:07+0000,53.3,32.3,14.6,48.4,89.5,1004.5,5137,1.7,0004,469,206,216,147,144,136,118,77,76,88,432943,88598,29415,14692,10549
000636DA8C997FCA0A0C871B404B0030,v001/c00003/d001,2025-06-05T23:50:07+0000,53.3,32.3,14.6,51.7,89.4,1004.4,6476,0.8,0004,485,208,202,150,121,111,106,87,90,76,396288,82570,27796,14223,10371
000636DA8C9B0E140A0C871B404B0032,v001/c00003/d001,2025-06-06T00:00:07+0000,53.3,32.3,14.6,49.0,89.8,1004.4,6263,0.8,0004,688,187,439,203,114,171,83,91,102,106,416509,85609,28592,14499,10475
000636DA8C9C9C830A0C871B404B0034,v001/c00003/d001,2025-06-06T00:10:07+0000,53.3,32.1,14.6,51.4,90.3,1004.4,6391,0,0004,504,253,189,183,180,190,112,93,114,106,405409,83810,28303,14399,10454
000636DA8C9E2B250A0C871B404B0036,v001/c00003/d001,2025-06-06T00:20:07+0000,53.3,32.3,14.6,48.7,90.7,1004.2,5703,0,0004,644,160,236,159,136,159,104,110,90,111,443853,90415,29834,14966,10756
000636DA8C9FB9910A0C871B404B0038,v001/c00003/d001,2025-06-06T00:30:07+0000,53.3,32.3,14.6,50.2,90.5,1004.2,7654,0,0004,547,171,329,221,148,129,126,100,86,95,418593,86315,28749,14590,10603
000636DA8CA14BF60A0C871B404B003A,v001/c00003/d001,2025-06-06T00:40:07+0000,53.3,32.4,14.7,50.1,90.5,1004,6485,0,0004,491,153,205,95,73,90,58,72,67,52,411389,84915,28612,14499,10465
000636DA8CA2DA3B0A0C871B404B003C,v001/c00003/d001,2025-06-06T00:50:07+0000,53.3,32.5,14.7,49.4,90.7,1003.8,6870,0,0004,471,280,267,182,187,147,84,102,91,79,411136,85001,28553,14600,10413
000636DA8CA468D60A0C871B404B003E,v001/c00003/d001,2025-06-06T01:00:07+0000,53.3,32.5,14.7,51.5,91.1,1003.8,7469,0,0004,333,156,164,146,95,111,87,51,74,57,393261,81924,27667,14214,10300
000636DA8CA5F7330A0C871B404B0040,v001/c00003/d001,2025-06-06T01:10:07+0000,53.3,32.5,14.7,52.2,91.2,1003.6,8254,0,0004,536,136,165,101,112,92,79,65,84,72,372309,78031,26749,13684,10120
000636DA8CA785680A0C871B404B0042,v001/c00003/d001,2025-06-06T01:20:07+0000,53.3,32.3,14.8,49.2,91.4,1003.4,7968,0,0004,612,170,206,142,167,110,118,97,118,97,409627,84743,28284,14321,10330
000636DA8CA913ED0A0C871B404B0044,v001/c00003/d001,2025-06-06T01:30:07+0000,53.3,32.4,14.8,52.2,91.1,1003.3,8451,0,0004,192,76,67,48,38,47,38,26,31,26,383350,80122,27201,14052,10219
000636DA8CAAA28A0A0C871B404B0046,v001/c00003/d001,2025-06-06T01:40:07+0000,53.3,32.3,14.7,52.3,91.5,1003.3,8333,0,0004,469,224,253,227,153,137,149,128,127,123,369386,77382,26597,13675,10110
000636DA8CAC30ED0A0C871B404B0048,v001/c00003/d001,2025-06-06T01:50:07+0000,53.3,32.2,14.7,52.5,92.1,1003.2,7808,0,0004,606,172,186,120,131,119,131,130,134,94,365694,76956,26529,13640,10091
000636DA8CADBF790A0C871B404B004A,v001/c00003/d001,2025-06-06T02:00:07+0000,53.3,32.2,14.6,53.8,92.9,1003,8213,0,0004,254,163,351,118,249,98,139,78,109,109,354286,75228,25954,13481,9956
000636DA8CAF4DD60A0C871B404B004C,v001/c00003/d001,2025-06-06T02:10:07+0000,53.3,32.3,14.5,52.2,93.5,1003,7620,0,0004,343,408,165,210,124,134,100,128,92,81,365694,77311,26462,13631,10091
000636DAA4CD7D7259771E0F1F300002,v001/c00002/d001,2025-06-06T08:27:24+0000,53.3,34.9,14.8,50.6,89.1,1003.3,5393,0,0004,16,9,47,45,215,29,25,67,54,33,235605,49685,19567,11140,8671
000636DAB0032C9459771B0F30A40002,v001/c00003/d001,2025-06-06T02:20:07+0000,53.3,32.4,14.5,54.1,93.8,1003,9033,0,0004,622,177,213,156,172,114,128,109,99,94,337581,72556,25342,13234,9788
000636DABC20D6040A0C9E1B71700002,v001/c00001/d001,2025-06-06T04:48:02+0000,53.3,29.6,15.1,60.2,96.6,1003.6,7991,0,0004,281,160,388,134,255,135,121,84,127,108,547537,85669,28067,17916,17556
000636DAC867D5270A0C9E1B1D810002,v001/c00002/d001,2025-06-06T08:37:24+0000,53.3,35.0,14.8,46.1,89.0,1003.2,3483,0,0004,7,9,10,14,167,26,19,68,50,38,281246,56980,21660,12071,9103
000636DACCC019E60A0CA01B579D0002,v001/c00004/d001,2025-06-06T02:22:30+0000,53.3,32.4,15.2,54.6,87.7,1004.4,7815,0,0003,296,215,138,135,103,121,160,133,150,170,621498,114406,35879,17860,13444
000636DACCC0CE170A0CA01B579D0004,v001/c00004/d001,2025-06-06T02:32:30+0000,53.3,32.4,15.2,53.1,88.6,1004.2,6821,0,0003,257,107,350,99,121,135,153,117,71,100,639171,118006,36467,18013,13444
000636DACCC2EA050A0CA01B579D0006,v001/c00004/d001,2025-06-06T02:42:30+0000,53.3,32.5,15.3,53.4,88.6,1004,7238,0,0003,285,220,243,117,170,141,173,137,169,101,641603,117677,36373,18044,13478
000636DACCC478810A0CA01B579D0008,v001/c00004/d001,2025-06-06T02:52:30+0000,53.3,32.5,15.1,53.1,89.7,1003.9,7529,0,0003,220,110,139,75,87,127,114,85,95,106,641603,118172,36530,18090,13504
000636DACCC606EA0A0CA01B579D000A,v001/c00004/d001,2025-06-06T03:02:30+0000,53.3,32.6,15.2,52.2,90.0,1003.8,7806,0,0003,227,187,189,104,150,117,138,83,103,107,659164,119936,37108,18262,13626
000636DAD396BE740A0CA21B1FE40002,v001/c00003/d001,2025-06-06T02:30:07+0000,53.3,32.4,14.1,52.2,90.4,1003.3,9782,0,0004,353,74,126,117,56,48,49,43,45,51,352768,75160,26003,13344,9825
000636DADF93023B0A0CA21B20A90002,v001/c00001/d001,2025-06-06T04:58:02+0000,53.3,29.6,14.4,59.8,94.8,1003.6,9250,0,0004,227,229,235,175,169,149,78,140,129,97,551583,85844,28067,17931,17542
000636DAEC0EAC330A0CA51B6B430002,v001/c00002/d001,2025-06-06T08:47:24+0000,53.3,35.0,14.8,52.3,89.0,1003.1,7404,0,0004,15,5,30,20,220,23,22,40,60,31,237137,49744,19494,11176,8759
000636DAF721EA260A0CA41B6E360002,v001/c00003/d001,2025-06-06T02:40:07+0000,53.3,32.5,13.7,52.0,90.3,1003.2,8907,0,0004,283,329,183,164,152,104,109,102,98,99,361678,76394,26247,13551,9947
000636DB0336C77259770C0F21FC0002,v001/c00001/d001,2025-06-06T05:08:02+0000,53.3,29.7,13.8,58.3,92.9,1003.5,5602,0,0004,448,151,308,230,202,129,131,117,95,100,574212,88932,28679,18258,17900
000636DB065F7DBD5977240F3ACB0002,v001/c00001/d021,2025-06-05T20:06:05+0000,53.3,33.9,19.0,45.6,58.5,1005.7,8484,828.3,0004,656,272,240,179,167,145,105,71,108,83,779710,138488,44569,22168,20187
000636DB065FFA725977240F3ACB0004,v001/c00001/d021,2025-06-05T20:16:05+0000,53.3,33.8,18.9,45.1,59.0,1005.7,7954,686.7,0004,426,215,165,152,120,109,87,83,102,70,803464,141997,45533,22597,20443
000636DB066200345977240F3ACB0006,v001/c00001/d021,2025-06-05T20:26:05+0000,53.3,33.8,18.7,44.8,58.1,1005.7,7351,388.3,0004,513,338,175,167,143,146,108,95,101,90,818126,144561,46133,22744,20503
000636DB06638E6A5977240F3ACB0008,v001/c00001/d021,2025-06-05T20:36:05+0000,53.3,33.7,18.5,42.8,57.5,1005.7,5058,416.7,0004,392,219,162,172,172,177,144,131,148,189,863286,152563,47892,23376,20890
000636DB06651D0C5977240F3ACB000A,v001/c00001/d021,2025-06-05T20:46:05+0000,53.3,33.7,18.2,43.2,57.5,1005.6,5972,238.3,0004,594,262,193,187,151,180,116,156,134,100,853426,149444,47061,23094,20543
000636DB0666AB805977240F3ACB000C,v001/c00001/d021,2025-06-05T20:56:05+0000,53.3,33.8,18.0,46.7,57.9,1005.7,6907,472.5,0004,656,238,185,174,148,179,92,85,66,64,772101,137807,44854,22262,19957
000636DB066839C05977240F3ACB000E,v001/c00001/d021,2025-06-05T21:06:05+0000,53.3,33.7,17.7,45.2,59.9,1005.5,7886,463.3,0004,631,223,181,94,119,123,105,64,76,50,788393,140808,44950,22357,20149
000636DB0669C8455977240F3ACB0010,v001/c00001/d021,2025-06-05T21:16:05+0000,53.3,33.7,17.3,43.5,61.8,1005.4,6452,398.3,0004,476,265,184,147,162,179,92,96,85,64,869424,153119,47946,23481,20583
000636DB066B56995977240F3ACB0012,v001/c00001/d021,2025-06-05T21:26:05+0000,53.3,33.8,17.0,44.9,63.6,1005.3,6660,201.7,0004,459,268,216,151,148,141,97,78,65,74,845912,149311,47459,23273,20684
000636DB066E6BE45977240F3ACB0014,v001/c00001/d021,2025-06-05T21:36:05+0000,53.3,33.9,16.8,46.9,65.9,1005.2,8620,167.5,0004,492,298,303,112,193,144,187,106,115,87,786090,139638,45337,22476,20014
000636DB066E73105977240F3ACB0016,v001/c00001/d021,2025-06-05T21:46:05+0000,53.3,33.8,16.7,49.0,66.7,1005.1,12140,132.5,0004,449,204,272,133,169,133,126,102,137,121,659949,119576,39729,20383,18865
000636DB067001FD5977240F3ACB0018,v001/c00001/d021,2025-06-05T21:56:05+0000,53.3,33.8,16.6,48.2,67.5,1005,9960,119.2,0004,405,216,296,179,104,98,97,78,85,90,684840,125000,41207,20890,18865
000636DB067190955977240F3ACB001A,v001/c00001/d021,2025-06-05T22:06:05+0000,53.3,33.8,16.5,48.1,68.7,1004.9,9584,78.3,0004,549,240,203,130,197,157,119,132,109,98,686940,125093,41410,21057,18548
000636DB06731F0B5977240F3ACB001C,v001/c00001/d021,2025-06-05T22:16:05+0000,53.3,33.8,15.7,47.7,74.3,1004.8,9658,68.3,0004,574,294,224,102,129,111,92,103,93,87,713193,128535,42327,21270,18597
000636DB0674AD6E5977240F3ACB001E,v001/c00001/d021,2025-06-05T22:26:05+0000,53.3,33.8,15.5,45.6,75.2,1004.7,7060,27.5,0004,337,181,309,123,184,147,109,104,107,94,790246,141281,45435,22309,19139
000636DB06763BBC5977240F3ACB0020,v001/c00001/d021,2025-06-05T22:26:05+0000,53.3,33.8,15.5,45.6,75.2,1004.7,7060,27.5,0004,337,181,309,123,184,147,109,104,107,94,790246,141281,45435,22309,19139
000636DB0677CA4E5977240F3ACB0022,v001/c00001/d021,2025-06-05T22:46:05+0000,53.3,33.8,15.2,46.1,79.6,1004.4,7205,4.2,0004,533,269,250,148,114,182,96,116,59,67,770773,137581,44381,22098,19122
000636DB067958C05977240F3ACB0024,v001/c00001/d021,2025-06-05T22:56:05+0000,53.3,33.8,15.2,46.4,79.6,1004.3,8312,3.3,0004,555,227,276,125,217,125,114,103,77,88,781068,138831,44663,22309,19035
000636DB067AEB325977240F3ACB0026,v001/c00001/d021,2025-06-05T23:06:05+0000,53.3,33.8,15.2,49.8,80.3,1004.3,11131,2.5,0004,483,222,211,173,175,166,125,134,141,97,659949,119576,40261,20563,18116
000636DB067E002A5977240F3ACB0028,v001/c00001/d021,2025-06-05T23:16:05+0000,53.3,33.7,15.2,48.4,80.3,1004.2,9695,1.7,0004,420,148,138,107,87,93,68,71,61,76,714710,128930,42498,21598,18354
000636DB067E06BC5977240F3ACB002A,v001/c00001/d021,2025-06-05T23:26:05+0000,53.3,33.7,15.2,45.8,81.1,1004.1,6656,0,0004,490,265,242,162,132,145,144,81,131,120,800118,142478,45781,22843,19001
000636DB067F96755977240F3ACB002C,v001/c00001/d021,2025-06-05T23:36:05+0000,53.3,33.7,15.2,43.1,81.7,1004,3859,0,0004,288,119,82,55,53,61,40,24,26,27,930152,163864,51001,24503,20207
000636DB068124D55977240F3ACB002E,v001/c00001/d021,2025-06-05T23:46:05+0000,53.3,33.7,15.2,42.3,81.9,1004,4639,0,0004,447,257,131,129,146,115,91,67,86,67,980320,170512,52564,25103,20684
000636DB0682B34A5977240F3ACB0030,v001/c00001/d021,2025-06-05T23:56:05+0000,53.3,33.8,15.2,44.4,81.8,1003.8,5825,0,0004,211,169,175,120,114,110,86,72,71,57,880235,155383,48809,23959,20483
000636DB068441BE5977240F3ACB0032,v001/c00001/d021,2025-06-06T00:06:05+0000,53.3,33.8,15.3,48.5,82.2,1003.7,13022,0,0004,429,302,230,86,111,75,82,93,86,58,710177,126982,41905,21422,18898
000636DB0685CFF15977240F3ACB0034,v001/c00001/d021,2025-06-06T00:16:05+0000,53.3,33.8,15.3,45.0,82.8,1003.5,6626,0,0004,479,232,301,217,250,161,156,143,135,163,872243,153398,48612,23878,20110
000636DB06875E9A5977240F3ACB0036,v001/c00001/d021,2025-06-06T00:26:05+0000,53.3,33.8,15.3,45.7,82.8,1003.5,8864,0,0004,421,487,103,173,97,157,80,81,65,61,841677,147090,47034,23298,19938
000636DB0688ECD55977240F3ACB0038,v001/c00001/d021,2025-06-06T00:36:05+0000,53.3,33.9,15.3,43.9,84.1,1003.3,4548,0,0004,410,210,277,210,173,158,134,102,106,98,893687,157126,49412,24014,20246
000636DB068A7B475977240F3ACB003A,v001/c00001/d021,2025-06-06T00:46:05+0000,53.3,33.8,15.3,46.0,84.5,1003.2,8139,0,0004,346,206,141,188,141,117,119,129,153,130,797746,140455,45240,22357,19458
000636DB068C0A0D5977240F3ACB003C,v001/c00001/d021,2025-06-06T00:56:05+0000,53.3,33.9,15.3,46.2,85.1,1003,7741,0,0004,566,230,178,109,130,136,99,91,99,62,772988,138260,44806,22215,19105
000636DB068D98545977240F3ACB003E,v001/c00001/d021,2025-06-06T01:06:05+0000,53.3,33.9,15.3,48.1,85.3,1003,13068,0,0004,386,192,344,129,103,157,103,166,122,87,694037,125093,41167,20890,18581
000636DB068F269C5977240F3ACB0040,v001/c00001/d021,2025-06-06T01:16:05+0000,53.3,33.8,15.3,46.1,85.6,1002.9,8130,0,0004,380,289,203,226,123,123,112,113,134,94,793042,140808,45632,22646,19387
000636DB0690B5435977240F3ACB0042,v001/c00001/d021,2025-06-06T01:26:05+0000,53.3,33.8,15.2,48.8,85.6,1002.7,10655,0,0004,188,324,112,221,128,122,97,73,92,93,706443,127174,41989,21444,18814
000636DB0692436F5977240F3ACB0044,v001/c00001/d021,2025-06-06T01:36:05+0000,53.3,33.8,15.2,42.7,86.0,1002.7,3960,0,0004,490,270,298,156,188,229,166,171,140,139,908783,159662,50000,24000,20168
000636DB0693D1E55977240F3ACB0046,v001/c00001/d021,2025-06-06T01:46:05+0000,53.3,33.9,15.2,46.7,86.4,1003,9410,0,0004,297,213,201,127,180,133,141,106,106,96,802506,140572,45484,22719,19640
000636DB069560555977240F3ACB0048,v001/c00001/d021,2025-06-06T01:56:05+0000,53.3,33.9,14.7,48.4,86.2,1003.1,11094,0,0004,444,304,170,142,161,117,98,114,120,82,731042,130734,42931,21868,19018
000636DB0696EEF65977240F3ACB004A,v001/c00001/d021,2025-06-06T02:06:05+0000,53.3,33.9,14.1,47.9,85.6,1002.9,9366,0,0004,451,174,213,154,117,151,61,74,50,67,748053,134607,43917,22005,19018
000636DB0FB0875D5977280F5CE60002,v001/c00002/d001,2025-06-06T08:57:24+0000,53.3,35.0,14.8,47.1,89.5,1002.9,4403,0,0004,17,10,26,37,327,67,9,63,52,21,271248,55539,21220,11858,9032
000636DB157B67255977210F36150002,v001/c00004/d001,2025-06-06T03:12:30+0000,53.3,32.5,15.0,52.9,90.5,1003.7,6710,0,0003,258,221,173,191,107,156,165,164,213,212,656597,119342,36946,18326,13626
000636DB157D24785977210F36150004,v001/c00004/d001,2025-06-06T03:22:30+0000,53.3,32.6,15.2,53.4,90.2,1003.5,7324,0,0003,230,223,141,161,134,138,137,130,116,124,654685,118838,36689,18199,13617
000636DB1AB069530A0CA91B35540002,v001/c00003/d001,2025-06-06T02:50:07+0000,53.3,32.5,13.4,50.6,90.8,1003.1,8605,0,0004,422,262,288,182,162,176,138,116,104,93,379009,79212,26938,13930,10101
000636DB26CDCC0D0A0CAA1B05420002,v001/c00001/d001,2025-06-06T05:18:02+0000,53.3,29.8,13.8,58.0,93.7,1003.4,8001,0,0004,247,175,237,215,191,165,113,78,84,83,572255,88464,28797,18242,17734
000636DB29F9B32F0A0C831B789F0002,v001/c00001/d021,2025-06-06T02:16:05+0000,53.3,33.8,14.0,42.1,86.5,1002.8,5220,0,0004,172,71,70,59,58,95,30,46,34,46,963467,168125,51596,25133,20563
000636DB334C478C0A0CB01B2A690002,v001/c00002/d001,2025-06-06T09:07:24+0000,53.3,35.0,14.8,51.9,89.2,1002.9,7933,0,0004,13,6,56,20,259,19,22,94,73,26,238864,50133,19660,11236,8773
000636DB3E3ADAE25977270F2A6B0002,v001/c00003/d001,2025-06-06T03:00:07+0000,53.3,32.6,13.4,52.3,91.5,1003.1,11399,0,0004,445,151,300,172,199,117,105,87,98,95,353525,75363,25954,13481,9862
000636DB4A64D11559771D0F77320002,v001/c00001/d001,2025-06-06T05:28:02+0000,53.3,29.7,13.8,60.6,94.7,1003.3,9586,0,0004,386,162,226,205,213,176,117,125,94,128,542672,84634,27643,17734,17454
000636DB4D9A0D420A0CB31B157B0002,v001/c00001/d021,2025-06-06T02:26:05+0000,53.3,33.8,14.0,45.0,87.0,1002.7,8316,0,0004,437,283,286,133,219,171,135,91,140,101,852344,149710,47406,23428,20053
000636DB56EC7FB20A0CB01B28D70002,v001/c00002/d001,2025-06-06T09:17:24+0000,53.3,35.0,14.8,53.6,90.0,1002.9,7342,0,0004,23,26,35,34,266,27,22,107,76,21,218358,46503,18492,10727,8480
000636DB5B3A113F59772B0F1A6A0002,v001/c00004/d001,2025-06-06T03:32:30+0000,53.3,32.6,15.1,52.9,90.5,1003.4,7871,0,0003,326,138,330,127,170,255,164,220,108,98,649014,118587,36657,18121,13547
000636DB5B3A5D8959772B0F1A6A0004,v001/c00004/d001,2025-06-06T03:42:30+0000,53.3,32.6,15.2,52.5,90.7,1003.1,7271,0,0003,208,191,169,138,114,111,114,113,114,121,656597,119257,36753,18199,13644
000636DB61D301C20A0CB41B1A820002,v001/c00003/d001,2025-06-06T03:10:07+0000,53.3,32.5,13.5,52.9,92.2,1003.1,10901,0,0004,101,24,43,24,29,32,23,27,26,22,342496,73318,25235,13268,9725
000636DB6570F19B5977300F799B0002,v001/c00001/d031,2025-06-05T20:05:36+0000,53.3,35.5,17.7,56.5,70.4,1005.6,5262,1099.2,0004,0,0,0,0,0,0,0,0,0,0,622063,127851,44711,22215,17225
000636DB6571B4785977300F799B0004,v001/c00001/d031,2025-06-05T20:15:36+0000,53.3,35.4,17.4,55.1,71.5,1005.6,5173,108.3,0004,0,0,0,0,0,0,0,0,0,0,653529,132695,46082,22646,17339
000636DB6572D75D5977300F799B0006,v001/c00001/d031,2025-06-05T20:25:36+0000,53.3,35.5,17.3,53.9,71.5,1005.6,6009,61.7,0004,0,0,0,0,0,0,0,0,0,0,697640,139987,47810,23586,18008
000636DB6572DDEB5977300F799B0008,v001/c00001/d031,2025-06-05T20:35:36+0000,53.3,35.6,16.7,50.3,76.4,1005.6,2807,48.3,0004,0,0,0,0,0,0,0,0,0,0,776110,154384,51281,24807,18680
000636DB6573622A5977300F799B000A,v001/c00001/d031,2025-06-05T20:45:36+0000,53.3,35.5,16.4,55.0,79.8,1005.5,4973,559.2,0004,0,0,0,0,0,0,0,0,0,0,693321,139291,47540,23586,17764
000636DB657431295977300F799B000C,v001/c00001/d031,2025-06-05T20:55:36+0000,53.3,35.5,16.3,55.2,80.8,1005.4,4456,464.2,0004,0,0,0,0,0,0,0,0,0,0,699092,140338,48029,23507,18148
000636DB6574AA465977300F799B000E,v001/c00001/d031,2025-06-05T21:05:36+0000,53.3,35.5,16.3,54.9,80.5,1005.3,4003,382.5,0004,0,0,0,0,0,0,0,0,0,0,723173,143942,48781,24193,18402
000636DB657704FA5977300F799B0010,v001/c00001/d031,2025-06-05T21:15:36+0000,53.3,35.5,16.5,55.5,76.3,1005.2,4220,343.3,0004,0,0,0,0,0,0,0,0,0,0,675883,137132,46800,23119,17809
000636DB657893675977300F799B0012,v001/c00001/d031,2025-06-05T21:25:36+0000,53.3,35.5,16.5,53.9,73.3,1005.2,4425,183.3,0004,0,0,0,0,0,0,0,0,0,0,693321,139061,47486,23402,18163
000636DB657A21E25977300F799B0014,v001/c00001/d031,2025-06-05T21:35:36+0000,53.3,35.6,16.4,55.8,72.7,1005.1,5679,76.7,0004,0,0,0,0,0,0,0,0,0,0,648482,132069,45632,22548,17630
000636DB657BB0315977300F799B0016,v001/c00001/d031,2025-06-05T21:45:36+0000,53.3,35.6,16.2,55.5,74.5,1005,4744,97.5,0004,0,0,0,0,0,0,0,0,0,0,655442,133010,45881,22670,17630
000636DB657D3EBE5977300F799B0018,v001/c00001/d031,2025-06-05T21:55:36+0000,53.3,35.5,16.0,52.9,77.2,1005,4457,50.8,0004,0,0,0,0,0,0,0,0,0,0,706443,141162,48166,23586,18195
000636DB657ECD325977300F799B001A,v001/c00001/d031,2025-06-05T22:05:36+0000,53.3,35.6,15.4,53.9,82.7,1004.9,5040,39.2,0004,0,0,0,0,0,0,0,0,0,0,708679,141162,47919,23586,18054
000636DB65805B995977300F799B001C,v001/c00001/d031,2025-06-05T22:15:36+0000,53.3,35.6,14.8,54.8,87.8,1004.8,5570,20,0004,0,0,0,0,0,0,0,0,0,0,702749,140221,47865,23586,18258
000636DB6581EA0C5977300F799B001E,v001/c00001/d031,2025-06-05T22:25:36+0000,53.3,35.6,14.5,53.9,90.5,1004.7,5729,12.5,0004,0,0,0,0,0,0,0,0,0,0,715471,142841,48500,23851,18274
000636DB6583787E5977300F799B0020,v001/c00001/d031,2025-06-05T22:35:36+0000,53.3,35.6,14.4,53.1,91.3,1004.6,4471,6.7,0004,0,0,0,0,0,0,0,0,0,0,743172,148127,49792,24489,18532
000636DB658506E75977300F799B0022,v001/c00001/d031,2025-06-05T22:45:36+0000,53.3,35.6,14.4,55.3,91.3,1004.6,6036,5,0004,0,0,0,0,0,0,0,0,0,0,679300,137357,46800,23144,17977
000636DB658695405977300F799B0024,v001/c00001/d031,2025-06-05T22:55:36+0000,53.3,35.6,14.4,54.8,92.6,1004.4,5950,0.8,0004,0,0,0,0,0,0,0,0,0,0,682752,136023,46904,23170,17931
000636DB658823C95977300F799B0026,v001/c00001/d031,2025-06-05T23:05:36+0000,53.3,35.5,14.3,54.4,94.0,1004.3,5890,0,0004,0,0,0,0,0,0,0,0,0,0,706443,141758,48249,23864,18163
000636DB6589B2065977300F799B0028,v001/c00001/d031,2025-06-05T23:15:36+0000,53.3,35.5,14.1,57.0,94.4,1004.3,7385,0,0004,0,0,0,0,0,0,0,0,0,0,632011,129128,44854,22357,17586
000636DB658B40A75977300F799B002A,v001/c00001/d031,2025-06-05T23:25:36+0000,53.3,35.5,14.1,54.3,94.9,1004.1,7273,0,0004,0,0,0,0,0,0,0,0,0,0,672500,135913,46748,22967,17675
000636DB658CCF145977300F799B002C,v001/c00001/d031,2025-06-05T23:35:36+0000,53.3,35.6,14.1,55.5,95.0,1004,6648,0,0004,0,0,0,0,0,0,0,0,0,0,645368,131966,45632,22621,17454
000636DB658E5D585977300F799B002E,v001/c00001/d031,2025-06-05T23:45:36+0000,53.3,35.6,14.3,53.6,95.2,1003.8,6521,0,0004,0,0,0,0,0,0,0,0,0,0,694037,139291,47810,23402,17855
000636DB658FEBF55977300F799B0030,v001/c00001/d031,2025-06-05T23:55:36+0000,53.3,35.5,14.3,55.5,95.5,1003.6,7367,0,0004,0,0,0,0,0,0,0,0,0,0,646610,131656,45731,22621,17556
000636DB65917A9A5977300F799B0032,v001/c00001/d031,2025-06-06T00:05:36+0000,53.3,35.6,14.4,53.9,95.8,1003.4,7699,0,0004,0,0,0,0,0,0,0,0,0,0,663861,134823,46748,22867,17542
000636DB659308DB5977300F799B0034,v001/c00001/d031,2025-06-06T00:15:36+0000,53.3,35.6,14.4,55.7,95.5,1003.3,6876,0,0004,0,0,0,0,0,0,0,0,0,0,634398,129526,44998,22309,17296
000636DB6594974E5977300F799B0036,v001/c00001/d031,2025-06-06T00:25:36+0000,53.3,35.6,14.5,54.6,95.5,1003.1,6636,0,0004,0,0,0,0,0,0,0,0,0,0,658655,133751,46285,22719,17440
000636DB659625EA5977300F799B0038,v001/c00001/d031,2025-06-06T00:35:36+0000,53.3,35.5,14.6,55.3,95.7,1002.9,6994,0,0004,0,0,0,0,0,0,0,0,0,0,627876,128046,44334,21959,17085
000636DB6597B3F35977300F799B003A,v001/c00001/d031,2025-06-06T00:45:36+0000,53.3,35.5,14.5,55.9,95.8,1002.8,8032,0,0004,0,0,0,0,0,0,0,0,0,0,607989,125747,43826,21732,16907
000636DB6599467C5977300F799B003C,v001/c00001/d031,2025-06-06T00:55:36+0000,53.3,35.5,14.6,55.0,95.9,1002.7,7281,0,0004,0,0,0,0,0,0,0,0,0,0,632011,129526,44950,22215,17113
000636DB659AD8A85977300F799B003E,v001/c00001/d031,2025-06-06T01:05:36+0000,53.3,35.5,14.6,57.2,95.7,1002.6,7915,0,0004,0,0,0,0,0,0,0,0,0,0,591397,122095,42757,21314,16772
000636DB659C67145977300F799B0040,v001/c00001/d031,2025-06-06T01:15:36+0000,53.3,35.5,14.6,53.0,95.8,1002.4,7650,0,0004,0,0,0,0,0,0,0,0,0,0,682752,137244,47219,23144,17483
000636DB659DF5C85977300F799B0042,v001/c00001/d031,2025-06-06T01:25:36+0000,53.3,35.6,14.7,55.1,95.6,1002.3,7007,0,0004,0,0,0,0,0,0,0,0,0,0,639227,130531,45191,22333,17155
000636DB659F83F65977300F799B0044,v001/c00001/d031,2025-06-06T01:35:36+0000,53.3,35.6,14.6,55.3,95.7,1002.3,6547,0,0004,0,0,0,0,0,0,0,0,0,0,632011,129227,44663,22098,17197
000636DB65A1128F5977300F799B0046,v001/c00001/d031,2025-06-06T01:45:36+0000,53.3,35.6,14.7,54.8,95.8,1002.1,8221,0,0004,0,0,0,0,0,0,0,0,0,0,633800,128930,44998,22191,17113
000636DB65A2A1055977300F799B0048,v001/c00001/d031,2025-06-06T01:55:36+0000,53.3,35.6,14.6,54.3,96.1,1002,5698,0,0004,0,0,0,0,0,0,0,0,0,0,673849,136686,47220,23119,17704
000636DB65A42F795977300F799B004A,v001/c00001/d031,2025-06-06T02:05:36+0000,53.3,35.6,14.6,55.2,96.3,1001.9,6432,0,0004,0,0,0,0,0,0,0,0,0,0,651627,132069,45781,22548,17353
000636DB713C3ABD5977330F1BCA0002,v001/c00001/d021,2025-06-06T02:36:05+0000,53.3,33.9,14.1,46.4,87.2,1002.9,11001,0,0004,497,286,372,100,107,146,98,77,98,84,780615,138033,44806,22744,19640
000636DB7A8E56200A0CAE1B70E10002,v001/c00002/d001,2025-06-06T09:27:24+0000,53.3,35.0,14.8,51.4,90.2,1002.8,5548,0,0004,16,8,33,40,238,41,21,51,64,37,229507,48529,19084,10929,8529
000636DB855C64305977260F1FE00002,v001/c00003/d001,2025-06-06T03:20:07+0000,53.3,32.6,13.5,52.7,92.4,1003.1,10225,0,0004,601,179,241,67,70,168,131,108,103,81,341431,73190,25419,13184,9671
000636DB891141550A0CB91B2C540002,v001/c00001/d031,2025-06-06T02:15:36+0000,53.3,35.6,14.6,55.3,96.5,1001.9,9256,0,0004,0,0,0,0,0,0,0,0,0,0,623795,127271,44241,21959,17044
000636DB91A02C2A0A0CB31B7FC30002,v001/c00001/d001,2025-06-06T05:48:02+0000,53.3,30.1,13.9,58.4,95.7,1003.4,8529,0,0004,234,165,144,149,124,108,71,85,58,74,552490,86285,28218,17931,17513
000636DB9F240E8E0A0CBF1B2B2A0002,v001/c00002/d001,2025-06-06T09:37:24+0000,53.3,35.1,14.8,52.9,90.4,1002.6,6688,0,0004,21,18,35,51,318,53,46,103,104,54,217633,46659,18657,10694,8446
000636DBA8EDCB1D5977ED0E54360002,v001/c00003/d001,2025-06-06T03:30:07+0000,53.3,32.3,13.5,50.6,92.5,1003.2,10133,0,0004,548,174,305,212,162,147,90,76,102,81,371888,78104,26529,13613,9909
000636DBACA32A845977130F01400002,v001/c00001/d031,2025-06-06T02:25:36+0000,53.3,35.6,14.5,55.5,96.8,1001.8,9983,0,0004,0,0,0,0,0,0,0,0,0,0,604705,124629,43419,21687,16825
000636DBB53A32905977380F7B0F0002,v001/c00001/d001,2025-06-06T05:58:02+0000,53.3,29.9,13.9,58.1,95.4,1003.4,9442,0,0004,351,214,281,181,158,110,108,75,78,73,557533,86730,28199,17870,17527
000636DBB86C8B150A0CC11B1D0E0002,v001/c00001/d021,2025-06-06T02:56:05+0000,53.3,33.9,14.1,48.9,87.3,1002.9,12382,0,0004,195,103,152,109,83,72,67,58,36,71,696917,125842,41656,21466,18614
000636DBC2D2FEB80A0CB11B503A0002,v001/c00002/d001,2025-06-06T09:47:24+0000,53.3,35.0,14.8,49.4,89.8,1002.6,5671,0,0004,10,11,20,21,120,17,20,53,55,34,232269,49391,19386,10999,8536
000636DBCC7E763E0A0CC81B0A380002,v001/c00003/d001,2025-06-06T03:40:07+0000,53.3,32.4,13.5,51.8,91.9,1003.1,9582,0,0004,225,100,155,90,101,103,84,65,91,61,373576,78031,26818,13792,10071
000636DBD18CE45959773D0F08F20002,v001/c00001/d031,2025-06-06T02:35:36+0000,53.3,35.5,14.6,56.5,96.8,1001.8,11060,0,0004,0,0,0,0,0,0,0,0,0,0,564561,117160,41451,20745,16444
000636DBDBF9F3D50A0CC91B003B0002,v001/c00001/d021,2025-06-06T03:06:05+0000,53.3,33.8,14.1,46.3,87.0,1002.8,9283,0,0004,363,206,183,134,131,109,150,86,118,114,793042,140572,45143,22452,19495
000636DBE579168D5977C50E150A0002,v001/c00002/d001,2025-06-06T09:57:24+0000,53.3,35.0,14.9,51.1,89.9,1002.6,5729,0,0004,19,26,23,31,195,59,41,82,64,50,239561,50072,19623,11236,8671
000636DBF00C74F70A0CCE1B70CC0002,v001/c00003/d001,2025-06-06T03:50:07+0000,53.3,32.6,13.6,52.1,92.3,1003,10597,0,0004,313,243,207,135,223,181,174,120,128,117,360096,75978,26165,13586,9909
000636DBF3D916605977420F1E220002,v001/c00001/d031,2025-06-06T02:45:36+0000,53.3,35.5,14.6,56.5,96.8,1001.7,11356,0,0004,0,0,0,0,0,0,0,0,0,0,567422,117982,41615,20890,16405
000636DBF75AC4945977410F41AB0002,v001/c00001/d011,2025-06-06T04:20:18+0000,53.3,36.0,14.0,56.9,81.7,1002.8,11248,0,0004,381,254,481,252,249,109,109,92,66,70,1245353,233809,75228,34756,25220
000636DBFF98ADD65977250F02980002,v001/c00001/d021,2025-06-06T03:16:05+0000,53.3,33.8,14.0,44.3,87.0,1002.8,8513,0,0004,285,159,198,104,190,133,97,104,129,98,882546,154526,48725,23932,20246
000636DC091619D159773C0F40D30002,v001/c00002/d001,2025-06-06T10:07:24+0000,53.3,34.9,14.9,51.6,88.0,1002.7,6787,0,0004,13,7,15,31,199,25,29,81,66,39,226497,48304,19032,10929,8529
000636DC139B573D59770C0F03770002,v001/c00003/d001,2025-06-06T04:00:07+0000,53.3,32.7,13.5,52.1,92.3,1003.2,9579,0,0004,411,119,203,197,146,163,123,133,109,102,359703,75978,26019,13481,9872
000636DC1777CE0F5977440F73E50002,v001/c00001/d031,2025-06-06T02:55:36+0000,53.3,35.6,14.5,58.2,96.5,1001.8,11202,0,0004,0,0,0,0,0,0,0,0,0,0,534469,112008,40146,20187,15981
000636DC23352B470A0CD31B235C0002,v001/c00001/d021,2025-06-06T03:26:05+0000,53.3,33.8,14.0,46.3,86.9,1002.8,10445,0,0004,327,165,216,191,234,227,93,82,88,93,809265,142963,46032,22818,19604
000636DC2CC190D15977430F10190002,v001/c00002/d001,2025-06-06T10:17:24+0000,53.3,35.0,14.8,53.4,87.5,1002.7,8217,0,0004,14,19,49,71,215,38,40,67,39,41,208904,44952,18028,10457,8324
000636DC3727F0B70A0CB11B21B30002,v001/c00003/d001,2025-06-06T04:10:07+0000,53.3,32.8,13.5,51.8,92.6,1003.1,9993,0,0004,319,214,225,178,132,124,109,97,82,115,359311,75978,26083,13560,9862
000636DC3B0B8AB10A0CC71B43B30002,v001/c00001/d031,2025-06-06T03:05:36+0000,53.3,35.6,14.4,55.8,96.4,1001.9,10090,0,0004,0,0,0,0,0,0,0,0,0,0,585726,121653,42975,21335,16586
000636DC439981C90A0CD71B46450002,v001/c00001/d001,2025-06-06T06:38:02+0000,53.3,30.0,14.0,58.0,94.9,1003.4,8756,0,0004,339,220,376,171,246,119,102,78,67,87,562670,87543,28408,18039,17660
000636DC46CEF6E35977420F71C50002,v001/c00001/d021,2025-06-06T03:36:05+0000,53.3,33.8,14.1,43.5,87.2,1002.8,7394,0,0004,312,249,272,249,296,181,112,120,145,134,878510,152702,48194,23797,20110
000636DC50572D045977470F44E80002,v001/c00002/d001,2025-06-06T10:27:24+0000,53.3,35.0,14.3,52.9,87.5,1002.6,6931,0,0004,25,16,59,53,319,31,33,99,56,28,210377,45441,18170,10489,8291
000636DC5AB62BE85977430F36680002,v001/c00003/d001,2025-06-06T04:20:07+0000,53.3,32.9,13.5,50.9,93.1,1003.1,10752,0,0004,386,161,307,223,213,171,116,121,113,105,362076,76394,26198,13569,9890
000636DC5ECC5F0F5977470F3E900002,v001/c00001/d031,2025-06-06T03:15:36+0000,53.3,35.6,14.1,56.5,95.9,1001.9,8275,0,0004,0,0,0,0,0,0,0,0,0,0,597180,123168,43240,21488,16799
000636DC62771E2B5977480F094B0002,v001/c00001/d011,2025-06-06T04:50:18+0000,53.3,36.1,14.0,57.3,81.6,1003,8788,0,0004,327,196,245,328,149,127,109,60,63,59,1250000,234142,75228,34814,25450
000636DC672DAA0D0A0CD71B19400002,v001/c00001/d001,2025-06-06T06:48:02+0000,53.3,29.8,13.9,59.4,95.4,1003.5,9677,0,0004,270,146,268,180,158,191,128,133,111,92,548879,86196,28048,17885,17469
000636DC6A691F0759774D0F6FBC0002,v001/c00001/d021,2025-06-06T03:46:05+0000,53.3,33.9,14.0,44.9,87.3,1003,8341,0,0004,171,128,88,88,119,166,84,93,75,58,855598,149046,47406,23770,20149
000636DC73EE10B359773B0F3C7D0002,v001/c00002/d001,2025-06-06T10:37:24+0000,53.3,35.1,14.0,55.8,87.4,1002.9,10033,0,0004,14,13,55,31,279,42,26,62,50,39,192822,42054,17097,10034,8104
000636DC7E46FD0E5977430F63DB0002,v001/c00003/d001,2025-06-06T04:30:07+0000,53.3,32.9,13.6,50.8,93.0,1003.2,9682,0,0004,528,146,387,135,192,162,109,103,69,95,369800,77742,26263,13684,9966
000636DC825A507C59774A0F61AA0002,v001/c00001/d031,2025-06-06T03:25:36+0000,53.3,35.5,13.8,56.6,96.2,1001.8,8643,0,0004,0,0,0,0,0,0,0,0,0,0,594538,123349,43329,21598,16665
000636DC8AC36F9059774D0F54D90002,v001/c00001/d001,2025-06-06T06:58:02+0000,53.3,30.1,13.9,60.1,95.8,1003.4,8965,0,0004,277,218,386,204,197,232,171,140,101,134,531089,83375,27643,17542,17268
000636DC978D049A5977500F759B0002,v001/c00002/d001,2025-06-06T10:47:24+0000,53.3,35.1,13.9,53.2,87.4,1002.7,7620,0,0004,12,4,33,38,248,21,24,75,47,22,196517,43052,17353,10141,8123
000636DCA1CEECF90A0CD51824280002,v001/c00003/d001,2025-06-06T04:40:07+0000,53.3,32.9,13.6,51.4,92.6,1003.2,11482,0,0004,525,174,186,145,225,153,161,104,123,109,360491,76394,26035,13604,9909
000636DCA5DB169559774F0F76AE0002,v001/c00001/d031,2025-06-06T03:35:36+0000,53.3,35.6,13.5,56.1,96.5,1001.8,9426,0,0004,0,0,0,0,0,0,0,0,0,0,592963,122361,42931,21422,16799
000636DCA960FDC55977490F69950002,v001/c00001/d011,2025-06-06T05:10:18+0000,53.3,36.1,14.1,56.6,82.9,1003.2,8587,0,0004,222,305,193,535,164,123,94,135,97,63,1253508,236157,76186,34930,25404
000636DCAE81AB6C5977500F30290002,v001/c00001/d001,2025-06-06T07:08:02+0000,53.3,30.0,13.9,57.9,95.9,1003.7,8396,0,0004,242,131,196,234,165,147,134,114,115,106,554771,86108,28180,17900,17411
000636DCB19F40310A0CE21B33450002,v001/c00001/d021,2025-06-06T04:06:05+0000,53.3,33.9,14.1,45.3,87.2,1003,8529,0,0004,466,321,276,201,163,171,136,124,151,127,836442,147478,46904,23144,20014
000636DCBBA5A6B60A0CEB1B133E0002,v001/c00002/d001,2025-06-06T10:57:24+0000,53.3,35.1,13.8,52.2,87.6,1003,7272,0,0004,15,19,47,53,200,39,21,74,57,40,210242,45441,18075,10457,8206
000636DCC56632CD5977570F14D30002,v001/c00003/d001,2025-06-06T04:50:07+0000,53.3,32.9,13.5,49.2,91.9,1003.3,9592,0,0004,372,200,281,213,162,159,150,112,121,127,374425,78617,26630,13729,9881
000636DCC96B02F85977530F06190002,v001/c00001/d031,2025-06-06T03:45:36+0000,53.3,35.6,13.4,54.4,96.2,1002,9405,0,0004,0,0,0,0,0,0,0,0,0,0,639836,129926,45046,22238,17044
000636DCCD08EC740A0CEF1B6FCB0002,v001/c00001/d011,2025-06-06T05:20:18+0000,53.3,36.1,14.0,55.6,81.5,1003.1,7701,0,0004,286,283,213,574,149,212,138,158,101,99,1303502,244212,77311,35462,25842
000636DCD1FA2E7E0A0CE11B54A70002,v001/c00001/d001,2025-06-06T07:18:02+0000,53.3,29.9,13.8,57.5,93.6,1003.6,6030,0,0004,291,123,286,153,224,273,144,126,104,87,579162,89215,28856,18290,17809
000636DCD5366F350A0CEE1B14AE0002,v001/c00001/d021,2025-06-06T04:16:05+0000,53.3,33.9,13.9,47.1,86.7,1003,11349,0,0004,579,219,227,181,153,203,106,79,112,90,748053,133644,43285,21800,19280
000636DCDEC2A2C00A0CEC1B54ED0002,v001/c00002/d001,2025-06-06T11:07:24+0000,53.3,35.2,14.0,54.0,87.2,1003,9028,0,0004,7,5,28,24,204,24,18,67,60,27,195231,42831,17368,10112,8085
000636DCE8F5857B0A0CF01B614D0002,v001/c00003/d001,2025-06-06T05:00:07+0000,53.3,32.9,13.5,52.5,92.1,1003.4,9570,0,0004,450,180,222,161,209,164,160,113,129,76,353525,74558,25715,13447,9798
000636DCED0B04120A0CF21B2A380002,v001/c00001/d031,2025-06-06T03:55:36+0000,53.3,35.6,13.4,55.6,95.8,1002.1,8215,0,0004,0,0,0,0,0,0,0,0,0,0,634398,128732,44998,22333,17155
000636DCF07EFCD00A0CE61B2AB00002,v001/c00001/d011,2025-06-06T05:30:18+0000,53.3,36.1,13.9,56.4,81.6,1003.3,9158,0,0004,283,357,220,390,159,157,99,83,90,69,1278626,239244,77097,35253,25700
000636DCF59700F459775A0F618C0002,v001/c00001/d001,2025-06-06T07:28:02+0000,53.3,30.0,13.8,58.6,93.8,1003.7,8825,0,0004,315,256,256,203,170,160,176,148,155,98,555229,86108,28294,18008,17454
000636DCF8D07FA65977590F72050002,v001/c00001/d021,2025-06-06T04:26:05+0000,53.3,33.8,13.9,46.5,87.0,1003.1,9931,0,0004,521,222,202,235,195,187,165,134,120,127,780615,138717,44950,22428,19531
000636DD0C94667E0A0CF51B6AA60002,v001/c00003/d001,2025-06-06T05:10:07+0000,53.3,33.0,13.5,50.3,92.4,1003.4,8720,0,0004,423,163,362,150,212,162,155,137,124,127,375278,78765,26664,13811,9966
000636DD10A8E40859775F0F5FB90002,v001/c00001/d031,2025-06-06T04:05:36+0000,53.3,35.6,13.4,55.7,96.1,1002.3,8160,0,0004,0,0,0,0,0,0,0,0,0,0,630232,128144,44616,22168,17016
000636DD140B585B0A0CF41B34A60002,v001/c00001/d011,2025-06-06T05:40:18+0000,53.3,36.1,14.0,56.3,82.0,1003.3,10247,0,0004,309,355,168,455,215,131,114,72,70,81,1265344,238034,76116,34989,25731
000636DD192BB11D0A0CF71B59C10002,v001/c00001/d001,2025-06-06T07:38:02+0000,53.3,30.2,13.9,58.9,94.7,1003.7,7895,0,0004,346,185,326,191,205,148,131,90,72,82,547983,85062,27992,17764,17382
000636DD1C7B8EE559775E0F10830002,v001/c00001/d021,2025-06-06T04:36:05+0000,53.3,33.8,14.0,45.6,87.3,1003.1,8799,0,0004,457,270,232,190,127,120,77,72,71,54,827183,145562,46336,23144,20091
000636DD26020A7B5977590F35B50002,v001/c00002/d001,2025-06-06T11:27:24+0000,53.3,35.2,14.0,46.8,87.6,1003.2,5302,0,0004,11,11,40,46,130,18,13,66,47,25,251883,52465,20330,11371,8635
000636DD3026CD2B59774A0F4CB20002,v001/c00003/d001,2025-06-06T05:20:07+0000,53.3,32.9,13.5,51.2,92.9,1003.4,9661,0,0004,357,248,257,139,149,131,108,111,114,122,371469,77670,26496,13765,9975
000636DD4010819D0A0CFF1B43390002,v001/c00001/d021,2025-06-06T04:46:05+0000,53.3,33.8,14.0,45.4,87.1,1003.2,8086,0,0004,342,232,161,227,207,138,133,125,102,102,812198,142599,45931,22993,19695
000636DD49A085105977630F55230002,v001/c00002/d001,2025-06-06T11:37:24+0000,53.3,35.3,14.1,47.4,87.8,1003.1,4724,0,0004,3,2,11,18,177,17,16,92,42,20,252076,52731,20390,11384,8707
000636DD4A96725B0A0CF41B3C130002,v001/c00002/d001,2025-06-06T11:47:24+0000,53.3,35.4,14.0,46.7,87.7,1003.1,4811,0,0004,6,1,21,45,158,25,29,81,64,37,953571,142994,45941,23490,14365
000636DD4F6617940A0C021C087F0002,v001/c00004/d001,2025-06-06T03:52:30+0000,53.3,32.5,15.2,52.8,90.8,1003,8117,0,0003,268,144,163,108,128,140,174,134,128,125,652152,119342,36881,18215,13547
000636DD4F66DC490A0C021C087F0004,v001/c00004/d001,2025-06-06T04:02:30+0000,53.3,32.5,15.1,51.6,90.9,1002.9,6575,0,0003,226,150,168,151,114,193,130,140,154,193,680449,123898,37874,18552,13741
000636DD4F69D5BA0A0C021C087F0006,v001/c00004/d001,2025-06-06T04:12:30+0000,53.3,32.6,15.2,53.2,90.7,1002.7,8541,0,0003,210,115,172,68,73,105,131,67,128,80,647767,118172,36499,18137,13573
000636DD4F6B64440A0C021C087F0008,v001/c00004/d001,2025-06-06T04:22:30+0000,53.3,32.6,15.1,53.2,90.7,1002.6,7327,0,0003,291,115,146,56,102,91,143,93,114,99,639777,116782,36248,18059,13444
000636DD4F6CF2A30A0C021C087F000A,v001/c00004/d001,2025-06-06T04:32:30+0000,53.3,32.5,15.1,53.6,91.0,1002.5,7203,0,0003,265,149,229,97,118,156,168,137,125,117,630800,115661,36032,17936,13418
000636DD4F6E80E30A0C021C087F000C,v001/c00004/d001,2025-06-06T04:42:30+0000,53.3,32.6,15.2,52.5,90.7,1002.4,7043,0,0003,244,157,117,95,79,94,113,79,160,141,644055,117024,36311,18013,13461
000636DD4F700F990A0C021C087F000E,v001/c00004/d001,2025-06-06T04:52:30+0000,53.3,32.6,15.2,54.6,90.5,1002.4,8106,0,0003,283,124,207,103,120,138,155,123,121,119,609146,111829,35132,17592,13258
000636DD4F719DC50A0C021C087F0010,v001/c00004/d001,2025-06-06T05:02:30+0000,53.3,32.7,15.1,52.4,91.0,1002.2,5404,0,0003,297,117,157,150,143,174,116,149,143,174,649014,118754,36689,18106,13504
000636DD4F732C370A0C021C087F0012,v001/c00004/d001,2025-06-06T05:12:30+0000,53.3,32.7,15.3,52.9,90.8,1001.9,8606,0,0003,301,98,219,142,101,190,157,86,131,105,633764,116299,36217,17967,13375
000636DD4F74BAD30A0C021C087F0014,v001/c00004/d001,2025-06-06T05:22:30+0000,53.3,32.5,15.2,52.5,91.2,1001.9,6574,0,0003,333,120,165,100,107,110,110,146,126,134,650893,119511,36817,18152,13530
000636DD4F7649570A0C021C087F0016,v001/c00004/d001,2025-06-06T05:32:30+0000,53.3,32.4,15.4,50.4,90.8,1001.8,8446,0,0003,281,77,183,138,140,119,139,103,110,104,695898,125838,38079,18617,13759
000636DD4F77D7BF0A0C021C087F0018,v001/c00004/d001,2025-06-06T05:42:30+0000,53.3,32.6,15.3,52.0,90.9,1001.8,9644,0,0003,200,132,76,140,64,86,64,77,41,97,664360,120277,37174,18342,13626
000636DD4F7966270A0C021C087F001A,v001/c00004/d001,2025-06-06T05:52:30+0000,53.3,32.6,15.3,52.5,91.0,1001.8,9770,0,0003,252,109,139,103,84,124,119,86,107,85,651522,119089,36625,18152,13521
000636DD4F7AF4930A0C021C087F001C,v001/c00004/d001,2025-06-06T06:02:30+0000,53.3,32.4,15.2,53.5,91.4,1001.9,8134,0,0003,313,95,162,74,79,140,77,92,77,98,643440,117513,36311,18044,13521
000636DD53B45CEB0A0CFF1B13B80002,v001/c00003/d001,2025-06-06T05:30:07+0000,53.3,32.9,13.5,50.6,92.8,1003.5,9375,0,0004,353,281,219,141,112,79,75,64,78,83,371050,77886,26496,13729,9975
000636DD57EF1F2559775B0F44B50002,v001/c00001/d031,2025-06-06T04:15:36+0000,53.3,35.5,13.4,55.0,96.1,1002.3,7567,0,0004,0,0,0,0,0,0,0,0,0,0,639836,130938,45094,22428,17127
000636DD57EFA38A59775B0F44B50004,v001/c00001/d031,2025-06-06T04:25:36+0000,53.3,35.6,13.4,55.9,96.6,1002.3,8366,0,0004,0,0,0,0,0,0,0,0,0,0,615791,126125,44102,21959,17016
000636DD6061425D0A0C041C53A80002,v001/c00001/d001,2025-06-06T07:58:02+0000,53.3,30.0,14.1,55.8,93.8,1003.8,6944,0,0004,390,184,378,172,139,160,123,81,100,82,590877,90854,29116,18386,17779
000636DD63A9A2155977670F79110002,v001/c00001/d021,2025-06-06T04:56:05+0000,53.3,33.9,14.1,45.5,87.3,1003.2,8688,0,0004,518,259,218,121,158,120,108,65,69,89,815151,143942,45831,22942,19567
000636DD6E7548EC59774F0F55CD0002,v001/c00002/d001,2025-06-06T11:57:24+0000,53.3,35.2,13.9,51.9,87.6,1003.1,7576,0,0004,8,8,19,24,261,17,17,59,52,36,289688,58334,22096,12372,9779
000636DD72F584010A0C071C24130002,v001/c00004/d001,2025-06-06T06:12:30+0000,53.3,32.4,15.2,53.8,91.5,1001.9,8409,0,0003,390,199,175,135,224,197,138,129,120,138,633764,116540,36155,17998,13444
000636DD773E85AA0A0C021C0C360002,v001/c00003/d001,2025-06-06T05:40:07+0000,53.3,32.9,13.6,52.6,92.6,1003.5,10234,0,0004,265,71,133,75,93,113,81,61,70,53,352014,74958,25795,13508,9862
000636DD840430250A0CFE1B04560002,v001/c00001/d001,2025-06-06T08:08:02+0000,53.3,29.9,14.0,56.2,93.7,1003.9,8356,0,0004,403,121,358,138,199,86,94,69,63,130,594538,91447,29442,18467,17870
000636DD8748DD5259775A0F40080002,v001/c00001/d021,2025-06-06T05:06:05+0000,53.3,33.9,14.1,44.5,87.2,1003.2,6405,0,0004,367,256,154,297,132,172,105,89,101,101,870550,153960,48444,23507,19976
000636DD9182DF455977640F0A010002,v001/c00002/d001,2025-06-06T12:07:24+0000,53.3,35.2,13.8,52.7,87.7,1003.3,8408,0,0004,6,13,33,38,194,34,17,58,47,26,225718,47998,18928,10850,8788
000636DD972B22E40A0C0A1C49EF0002,v001/c00004/d001,2025-06-06T06:22:30+0000,53.3,32.4,15.2,53.8,91.1,1002.2,7458,0,0003,206,190,147,78,107,121,113,107,140,141,636156,117106,36279,18090,13461
000636DD9AD0ACD00A0C0F1C44EB0002,v001/c00003/d001,2025-06-06T05:50:07+0000,53.3,32.8,13.6,51.3,92.4,1003.6,11036,0,0004,368,174,233,160,212,143,121,108,97,89,358528,75910,25986,13534,9844
000636DD9F26D03759775C0F4DFF0002,v001/c00001/d031,2025-06-06T04:35:36+0000,53.3,35.6,13.4,56.3,96.7,1002.2,7756,0,0004,0,0,0,0,0,0,0,0,0,0,619196,126409,44102,22005,17071
000636DD9F276C6459775C0F4DFF0004,v001/c00001/d031,2025-06-06T04:45:36+0000,53.3,35.6,13.5,55.4,96.8,1002.4,9499,0,0004,0,0,0,0,0,0,0,0,0,0,621487,127078,44428,22005,16825
000636DDA28B6D1C0A0C101C075E0002,v001/c00001/d011,2025-06-06T06:20:18+0000,53.3,36.0,14.1,54.7,81.4,1003.4,6112,0,0004,255,333,292,358,171,174,128,116,90,95,1338661,248262,79212,35795,26396
000636DDA79846630A0C111C0E140002,v001/c00001/d001,2025-06-06T08:18:02+0000,53.3,30.1,13.9,57.6,92.1,1004,6673,0,0004,402,145,467,222,188,258,132,101,97,87,578663,88838,28817,18322,17734
000636DDAAEFC6570A0C061C08FE0002,v001/c00001/d021,2025-06-06T05:16:05+0000,53.3,33.9,14.0,45.6,86.8,1003.5,10791,0,0004,354,279,249,107,127,85,85,84,96,80,821624,144437,46234,23170,19807
000636DDB54B6C3B0A0C131C15150002,v001/c00002/d001,2025-06-06T12:17:24+0000,53.3,35.1,13.7,51.4,87.8,1003.3,7300,0,0004,3,3,11,20,190,26,20,57,42,26,226029,48193,18980,10872,8693
000636DDBE5B99080A0C251B15D80002,v001/c00003/d001,2025-06-06T06:00:07+0000,53.3,32.7,13.3,53.1,92.2,1003.8,10204,0,0004,424,122,195,182,147,186,154,90,119,101,343210,73254,25358,13151,9779
